similarity_id:ID,word_id1,word_id2,similarity:float
s00,Cinema,Cinema,1.0
s01,Cinema,Multiplex,0.8235294117647058
s02,Cinema,Movie,0.625
s03,Cinema,Film,0.625
s04,Cinema,History,0.14285714285714285
s05,Cinema,Museum,0.625
s06,Cinema,Art,0.6666666666666666
s07,Cinema,Sport,0.125
s08,Cinema,Bar,0.5882352941176471
s09,Cinema,Site,0.375
s010,Cinema,Concert,0.125
s011,Cinema,Music,0.15384615384615385
s012,Cinema,Plaza,0.35294117647058826
s013,Cinema,Hall,0.5555555555555556
s014,Cinema,Gallery,0.13333333333333333
s015,Cinema,Stadium,0.6666666666666666
s016,Cinema,Bowling,0.125
s017,Cinema,School,0.125
s018,Cinema,Zoo,0.6666666666666666
s019,Cinema,Park,0.375
s020,Cinema,Arts,0.125
s021,Cinema,Track,0.42857142857142855
s022,Cinema,Opera,0.13333333333333333
s023,Cinema,Casino,0.5882352941176471
s024,Cinema,Outdoors,0.4
s025,Cinema,Theater,0.625
s026,Cinema,Entertainment,0.125
s027,Cinema,Memorial,0.13333333333333333
s028,Cinema,Comedy,0.13333333333333333
s029,Cinema,Attraction,0.25
s030,Cinema,Church,0.125
s031,Cinema,Street,0.5882352941176471
s032,Cinema,Amphitheater,0.5882352941176471
s033,Cinema,Science,0.125
s034,Cinema,Sculpture,0.5882352941176471
s035,Cinema,Castle,0.5555555555555556
s036,Cinema,Jazz,0.125
s037,Cinema,Rock,0.5714285714285714
s038,Cinema,Rap,0.11764705882352941
s039,Cinema,Techno,0.13333333333333333
s040,Cinema,Painting,0.5882352941176471
s10,Multiplex,Cinema,0.8235294117647058
s11,Multiplex,Multiplex,1.0
s12,Multiplex,Movie,0.5882352941176471
s13,Multiplex,Film,0.5882352941176471
s14,Multiplex,History,0.13333333333333333
s15,Multiplex,Museum,0.5882352941176471
s16,Multiplex,Art,0.625
s17,Multiplex,Sport,0.11764705882352941
s18,Multiplex,Bar,0.5555555555555556
s19,Multiplex,Site,0.35294117647058826
s110,Multiplex,Concert,0.11764705882352941
s111,Multiplex,Music,0.14285714285714285
s112,Multiplex,Plaza,0.3333333333333333
s113,Multiplex,Hall,0.5263157894736842
s114,Multiplex,Gallery,0.125
s115,Multiplex,Stadium,0.625
s116,Multiplex,Bowling,0.11764705882352941
s117,Multiplex,School,0.11764705882352941
s118,Multiplex,Zoo,0.625
s119,Multiplex,Park,0.35294117647058826
s120,Multiplex,Arts,0.11764705882352941
s121,Multiplex,Track,0.4
s122,Multiplex,Opera,0.125
s123,Multiplex,Casino,0.5555555555555556
s124,Multiplex,Outdoors,0.375
s125,Multiplex,Theater,0.5882352941176471
s126,Multiplex,Entertainment,0.11764705882352941
s127,Multiplex,Memorial,0.125
s128,Multiplex,Comedy,0.125
s129,Multiplex,Attraction,0.23529411764705882
s130,Multiplex,Church,0.11764705882352941
s131,Multiplex,Street,0.5555555555555556
s132,Multiplex,Amphitheater,0.5555555555555556
s133,Multiplex,Science,0.11764705882352941
s134,Multiplex,Sculpture,0.5555555555555556
s135,Multiplex,Castle,0.5263157894736842
s136,Multiplex,Jazz,0.11764705882352941
s137,Multiplex,Rock,0.5333333333333333
s138,Multiplex,Rap,0.1111111111111111
s139,Multiplex,Techno,0.125
s140,Multiplex,Painting,0.5555555555555556
s20,Movie,Cinema,0.625
s21,Movie,Multiplex,0.5882352941176471
s22,Movie,Movie,1.0
s23,Movie,Film,1.0
s24,Movie,History,0.3076923076923077
s25,Movie,Museum,0.625
s26,Movie,Art,0.8
s27,Movie,Sport,0.5333333333333333
s28,Movie,Bar,0.5882352941176471
s29,Movie,Site,0.375
s210,Movie,Concert,0.8
s211,Movie,Music,0.3333333333333333
s212,Movie,Plaza,0.35294117647058826
s213,Movie,Hall,0.5555555555555556
s214,Movie,Gallery,0.2857142857142857
s215,Movie,Stadium,0.6666666666666666
s216,Movie,Bowling,0.5333333333333333
s217,Movie,School,0.26666666666666666
s218,Movie,Zoo,0.6666666666666666
s219,Movie,Park,0.375
s220,Movie,Arts,0.4
s221,Movie,Track,0.42857142857142855
s222,Movie,Opera,0.2857142857142857
s223,Movie,Casino,0.5882352941176471
s224,Movie,Outdoors,0.4
s225,Movie,Theater,0.625
s226,Movie,Entertainment,0.5333333333333333
s227,Movie,Memorial,0.2857142857142857
s228,Movie,Comedy,0.2857142857142857
s229,Movie,Attraction,0.25
s230,Movie,Church,0.26666666666666666
s231,Movie,Street,0.5882352941176471
s232,Movie,Amphitheater,0.5882352941176471
s233,Movie,Science,0.4
s234,Movie,Sculpture,0.7058823529411765
s235,Movie,Castle,0.5555555555555556
s236,Movie,Jazz,0.26666666666666666
s237,Movie,Rock,0.5714285714285714
s238,Movie,Rap,0.25
s239,Movie,Techno,0.2857142857142857
s240,Movie,Painting,0.7058823529411765
s30,Film,Cinema,0.625
s31,Film,Multiplex,0.5882352941176471
s32,Film,Movie,1.0
s33,Film,Film,1.0
s34,Film,History,0.3076923076923077
s35,Film,Museum,0.625
s36,Film,Art,0.8
s37,Film,Sport,0.5333333333333333
s38,Film,Bar,0.5882352941176471
s39,Film,Site,0.375
s310,Film,Concert,0.8
s311,Film,Music,0.3333333333333333
s312,Film,Plaza,0.35294117647058826
s313,Film,Hall,0.5555555555555556
s314,Film,Gallery,0.2857142857142857
s315,Film,Stadium,0.6666666666666666
s316,Film,Bowling,0.5333333333333333
s317,Film,School,0.26666666666666666
s318,Film,Zoo,0.6666666666666666
s319,Film,Park,0.375
s320,Film,Arts,0.4
s321,Film,Track,0.42857142857142855
s322,Film,Opera,0.2857142857142857
s323,Film,Casino,0.5882352941176471
s324,Film,Outdoors,0.4
s325,Film,Theater,0.625
s326,Film,Entertainment,0.5333333333333333
s327,Film,Memorial,0.2857142857142857
s328,Film,Comedy,0.2857142857142857
s329,Film,Attraction,0.25
s330,Film,Church,0.26666666666666666
s331,Film,Street,0.5882352941176471
s332,Film,Amphitheater,0.5882352941176471
s333,Film,Science,0.4
s334,Film,Sculpture,0.7058823529411765
s335,Film,Castle,0.5555555555555556
s336,Film,Jazz,0.26666666666666666
s337,Film,Rock,0.5714285714285714
s338,Film,Rap,0.25
s339,Film,Techno,0.2857142857142857
s340,Film,Painting,0.7058823529411765
s40,History,Cinema,0.14285714285714285
s41,History,Multiplex,0.13333333333333333
s42,History,Movie,0.3076923076923077
s43,History,Film,0.3076923076923077
s44,History,History,1.0
s45,History,Museum,0.14285714285714285
s46,History,Art,0.15384615384615385
s47,History,Sport,0.2857142857142857
s48,History,Bar,0.13333333333333333
s49,History,Site,0.14285714285714285
s410,History,Concert,0.2857142857142857
s411,History,Music,0.36363636363636365
s412,History,Plaza,0.13333333333333333
s413,History,Hall,0.125
s414,History,Gallery,0.3076923076923077
s415,History,Stadium,0.15384615384615385
s416,History,Bowling,0.2857142857142857
s417,History,School,0.2857142857142857
s418,History,Zoo,0.15384615384615385
s419,History,Park,0.14285714285714285
s420,History,Arts,0.2857142857142857
s421,History,Track,0.16666666666666666
s422,History,Opera,0.3076923076923077
s423,History,Casino,0.13333333333333333
s424,History,Outdoors,0.15384615384615385
s425,History,Theater,0.14285714285714285
s426,History,Entertainment,0.2857142857142857
s427,History,Memorial,0.3076923076923077
s428,History,Comedy,0.3076923076923077
s429,History,Attraction,0.14285714285714285
s430,History,Church,0.2857142857142857
s431,History,Street,0.13333333333333333
s432,History,Amphitheater,0.13333333333333333
s433,History,Science,0.2857142857142857
s434,History,Sculpture,0.46153846153846156
s435,History,Castle,0.125
s436,History,Jazz,0.2857142857142857
s437,History,Rock,0.16666666666666666
s438,History,Rap,0.26666666666666666
s439,History,Techno,0.3076923076923077
s440,History,Painting,0.13333333333333333
s50,Museum,Cinema,0.625
s51,Museum,Multiplex,0.5882352941176471
s52,Museum,Movie,0.625
s53,Museum,Film,0.625
s54,Museum,History,0.14285714285714285
s55,Museum,Museum,1.0
s56,Museum,Art,0.6666666666666666
s57,Museum,Sport,0.125
s58,Museum,Bar,0.5882352941176471
s59,Museum,Site,0.375
s510,Museum,Concert,0.125
s511,Museum,Music,0.15384615384615385
s512,Museum,Plaza,0.35294117647058826
s513,Museum,Hall,0.5555555555555556
s514,Museum,Gallery,0.13333333333333333
s515,Museum,Stadium,0.6666666666666666
s516,Museum,Bowling,0.125
s517,Museum,School,0.125
s518,Museum,Zoo,0.8
s519,Museum,Park,0.375
s520,Museum,Arts,0.125
s521,Museum,Track,0.42857142857142855
s522,Museum,Opera,0.13333333333333333
s523,Museum,Casino,0.5882352941176471
s524,Museum,Outdoors,0.4
s525,Museum,Theater,0.625
s526,Museum,Entertainment,0.125
s527,Museum,Memorial,0.13333333333333333
s528,Museum,Comedy,0.13333333333333333
s529,Museum,Attraction,0.25
s530,Museum,Church,0.125
s531,Museum,Street,0.5882352941176471
s532,Museum,Amphitheater,0.5882352941176471
s533,Museum,Science,0.125
s534,Museum,Sculpture,0.5882352941176471
s535,Museum,Castle,0.5555555555555556
s536,Museum,Jazz,0.125
s537,Museum,Rock,0.5714285714285714
s538,Museum,Rap,0.11764705882352941
s539,Museum,Techno,0.13333333333333333
s540,Museum,Painting,0.5882352941176471
s60,Art,Cinema,0.6666666666666666
s61,Art,Multiplex,0.625
s62,Art,Movie,0.8
s63,Art,Film,0.8
s64,Art,History,0.15384615384615385
s65,Art,Museum,0.6666666666666666
s66,Art,Art,1.0
s67,Art,Sport,0.13333333333333333
s68,Art,Bar,0.625
s69,Art,Site,0.4
s610,Art,Concert,0.13333333333333333
s611,Art,Music,0.16666666666666666
s612,Art,Plaza,0.375
s613,Art,Hall,0.5882352941176471
s614,Art,Gallery,0.14285714285714285
s615,Art,Stadium,0.7142857142857143
s616,Art,Bowling,0.13333333333333333
s617,Art,School,0.13333333333333333
s618,Art,Zoo,0.7142857142857143
s619,Art,Park,0.4
s620,Art,Arts,0.13333333333333333
s621,Art,Track,0.46153846153846156
s622,Art,Opera,0.14285714285714285
s623,Art,Casino,0.625
s624,Art,Outdoors,0.42857142857142855
s625,Art,Theater,0.6666666666666666
s626,Art,Entertainment,0.13333333333333333
s627,Art,Memorial,0.14285714285714285
s628,Art,Comedy,0.14285714285714285
s629,Art,Attraction,0.26666666666666666
s630,Art,Church,0.13333333333333333
s631,Art,Street,0.625
s632,Art,Amphitheater,0.625
s633,Art,Science,0.13333333333333333
s634,Art,Sculpture,0.875
s635,Art,Castle,0.5882352941176471
s636,Art,Jazz,0.13333333333333333
s637,Art,Rock,0.6153846153846154
s638,Art,Rap,0.125
s639,Art,Techno,0.14285714285714285
s640,Art,Painting,0.875
s70,Sport,Cinema,0.125
s71,Sport,Multiplex,0.11764705882352941
s72,Sport,Movie,0.5333333333333333
s73,Sport,Film,0.5333333333333333
s74,Sport,History,0.2857142857142857
s75,Sport,Museum,0.125
s76,Sport,Art,0.13333333333333333
s77,Sport,Sport,1.0
s78,Sport,Bar,0.11764705882352941
s79,Sport,Site,0.125
s710,Sport,Concert,0.5
s711,Sport,Music,0.3076923076923077
s712,Sport,Plaza,0.11764705882352941
s713,Sport,Hall,0.1111111111111111
s714,Sport,Gallery,0.26666666666666666
s715,Sport,Stadium,0.13333333333333333
s716,Sport,Bowling,0.75
s717,Sport,School,0.25
s718,Sport,Zoo,0.13333333333333333
s719,Sport,Park,0.125
s720,Sport,Arts,0.375
s721,Sport,Track,0.14285714285714285
s722,Sport,Opera,0.26666666666666666
s723,Sport,Casino,0.11764705882352941
s724,Sport,Outdoors,0.13333333333333333
s725,Sport,Theater,0.125
s726,Sport,Entertainment,0.875
s727,Sport,Memorial,0.26666666666666666
s728,Sport,Comedy,0.26666666666666666
s729,Sport,Attraction,0.125
s730,Sport,Church,0.25
s731,Sport,Street,0.11764705882352941
s732,Sport,Amphitheater,0.11764705882352941
s733,Sport,Science,0.375
s734,Sport,Sculpture,0.26666666666666666
s735,Sport,Castle,0.1111111111111111
s736,Sport,Jazz,0.25
s737,Sport,Rock,0.14285714285714285
s738,Sport,Rap,0.23529411764705882
s739,Sport,Techno,0.26666666666666666
s740,Sport,Painting,0.11764705882352941
s80,Bar,Cinema,0.5882352941176471
s81,Bar,Multiplex,0.5555555555555556
s82,Bar,Movie,0.5882352941176471
s83,Bar,Film,0.5882352941176471
s84,Bar,History,0.13333333333333333
s85,Bar,Museum,0.5882352941176471
s86,Bar,Art,0.625
s87,Bar,Sport,0.11764705882352941
s88,Bar,Bar,1.0
s89,Bar,Site,0.35294117647058826
s810,Bar,Concert,0.11764705882352941
s811,Bar,Music,0.14285714285714285
s812,Bar,Plaza,0.3333333333333333
s813,Bar,Hall,0.5263157894736842
s814,Bar,Gallery,0.125
s815,Bar,Stadium,0.75
s816,Bar,Bowling,0.11764705882352941
s817,Bar,School,0.11764705882352941
s818,Bar,Zoo,0.625
s819,Bar,Park,0.35294117647058826
s820,Bar,Arts,0.11764705882352941
s821,Bar,Track,0.4
s822,Bar,Opera,0.125
s823,Bar,Casino,0.6666666666666666
s824,Bar,Outdoors,0.375
s825,Bar,Theater,0.7058823529411765
s826,Bar,Entertainment,0.11764705882352941
s827,Bar,Memorial,0.125
s828,Bar,Comedy,0.125
s829,Bar,Attraction,0.23529411764705882
s830,Bar,Church,0.11764705882352941
s831,Bar,Street,0.5555555555555556
s832,Bar,Amphitheater,0.6666666666666666
s833,Bar,Science,0.11764705882352941
s834,Bar,Sculpture,0.5555555555555556
s835,Bar,Castle,0.631578947368421
s836,Bar,Jazz,0.11764705882352941
s837,Bar,Rock,0.5333333333333333
s838,Bar,Rap,0.1111111111111111
s839,Bar,Techno,0.125
s840,Bar,Painting,0.5555555555555556
s90,Site,Cinema,0.375
s91,Site,Multiplex,0.35294117647058826
s92,Site,Movie,0.375
s93,Site,Film,0.375
s94,Site,History,0.14285714285714285
s95,Site,Museum,0.375
s96,Site,Art,0.4
s97,Site,Sport,0.125
s98,Site,Bar,0.35294117647058826
s99,Site,Site,1.0
s910,Site,Concert,0.125
s911,Site,Music,0.15384615384615385
s912,Site,Plaza,0.8235294117647058
s913,Site,Hall,0.3333333333333333
s914,Site,Gallery,0.13333333333333333
s915,Site,Stadium,0.4
s916,Site,Bowling,0.125
s917,Site,School,0.125
s918,Site,Zoo,0.4
s919,Site,Park,0.875
s920,Site,Arts,0.125
s921,Site,Track,0.5714285714285714
s922,Site,Opera,0.13333333333333333
s923,Site,Casino,0.35294117647058826
s924,Site,Outdoors,0.5333333333333333
s925,Site,Theater,0.375
s926,Site,Entertainment,0.125
s927,Site,Memorial,0.13333333333333333
s928,Site,Comedy,0.13333333333333333
s929,Site,Attraction,0.25
s930,Site,Church,0.125
s931,Site,Street,0.35294117647058826
s932,Site,Amphitheater,0.35294117647058826
s933,Site,Science,0.125
s934,Site,Sculpture,0.35294117647058826
s935,Site,Castle,0.3333333333333333
s936,Site,Jazz,0.125
s937,Site,Rock,0.42857142857142855
s938,Site,Rap,0.11764705882352941
s939,Site,Techno,0.13333333333333333
s940,Site,Painting,0.35294117647058826
s100,Concert,Cinema,0.125
s101,Concert,Multiplex,0.11764705882352941
s102,Concert,Movie,0.8
s103,Concert,Film,0.8
s104,Concert,History,0.2857142857142857
s105,Concert,Museum,0.125
s106,Concert,Art,0.13333333333333333
s107,Concert,Sport,0.5
s108,Concert,Bar,0.11764705882352941
s109,Concert,Site,0.125
s1010,Concert,Concert,1.0
s1011,Concert,Music,0.3076923076923077
s1012,Concert,Plaza,0.11764705882352941
s1013,Concert,Hall,0.1111111111111111
s1014,Concert,Gallery,0.26666666666666666
s1015,Concert,Stadium,0.13333333333333333
s1016,Concert,Bowling,0.5
s1017,Concert,School,0.25
s1018,Concert,Zoo,0.13333333333333333
s1019,Concert,Park,0.125
s1020,Concert,Arts,0.375
s1021,Concert,Track,0.14285714285714285
s1022,Concert,Opera,0.26666666666666666
s1023,Concert,Casino,0.11764705882352941
s1024,Concert,Outdoors,0.13333333333333333
s1025,Concert,Theater,0.125
s1026,Concert,Entertainment,0.5
s1027,Concert,Memorial,0.26666666666666666
s1028,Concert,Comedy,0.26666666666666666
s1029,Concert,Attraction,0.125
s1030,Concert,Church,0.25
s1031,Concert,Street,0.11764705882352941
s1032,Concert,Amphitheater,0.11764705882352941
s1033,Concert,Science,0.375
s1034,Concert,Sculpture,0.26666666666666666
s1035,Concert,Castle,0.1111111111111111
s1036,Concert,Jazz,0.25
s1037,Concert,Rock,0.14285714285714285
s1038,Concert,Rap,0.23529411764705882
s1039,Concert,Techno,0.26666666666666666
s1040,Concert,Painting,0.11764705882352941
s110,Music,Cinema,0.15384615384615385
s111,Music,Multiplex,0.14285714285714285
s112,Music,Movie,0.3333333333333333
s113,Music,Film,0.3333333333333333
s114,Music,History,0.36363636363636365
s115,Music,Museum,0.15384615384615385
s116,Music,Art,0.16666666666666666
s117,Music,Sport,0.3076923076923077
s118,Music,Bar,0.14285714285714285
s119,Music,Site,0.15384615384615385
s1110,Music,Concert,0.3076923076923077
s1111,Music,Music,1.0
s1112,Music,Plaza,0.14285714285714285
s1113,Music,Hall,0.13333333333333333
s1114,Music,Gallery,0.3333333333333333
s1115,Music,Stadium,0.16666666666666666
s1116,Music,Bowling,0.3076923076923077
s1117,Music,School,0.3076923076923077
s1118,Music,Zoo,0.16666666666666666
s1119,Music,Park,0.15384615384615385
s1120,Music,Arts,0.3076923076923077
s1121,Music,Track,0.18181818181818182
s1122,Music,Opera,0.7692307692307693
s1123,Music,Casino,0.14285714285714285
s1124,Music,Outdoors,0.16666666666666666
s1125,Music,Theater,0.15384615384615385
s1126,Music,Entertainment,0.3076923076923077
s1127,Music,Memorial,0.5
s1128,Music,Comedy,0.5
s1129,Music,Attraction,0.15384615384615385
s1130,Music,Church,0.3076923076923077
s1131,Music,Street,0.14285714285714285
s1132,Music,Amphitheater,0.14285714285714285
s1133,Music,Science,0.3076923076923077
s1134,Music,Sculpture,0.3333333333333333
s1135,Music,Castle,0.13333333333333333
s1136,Music,Jazz,0.6153846153846154
s1137,Music,Rock,0.18181818181818182
s1138,Music,Rap,0.42857142857142855
s1139,Music,Techno,0.8333333333333334
s1140,Music,Painting,0.14285714285714285
s120,Plaza,Cinema,0.35294117647058826
s121,Plaza,Multiplex,0.3333333333333333
s122,Plaza,Movie,0.35294117647058826
s123,Plaza,Film,0.35294117647058826
s124,Plaza,History,0.13333333333333333
s125,Plaza,Museum,0.35294117647058826
s126,Plaza,Art,0.375
s127,Plaza,Sport,0.11764705882352941
s128,Plaza,Bar,0.3333333333333333
s129,Plaza,Site,0.8235294117647058
s1210,Plaza,Concert,0.11764705882352941
s1211,Plaza,Music,0.14285714285714285
s1212,Plaza,Plaza,1.0
s1213,Plaza,Hall,0.3157894736842105
s1214,Plaza,Gallery,0.125
s1215,Plaza,Stadium,0.375
s1216,Plaza,Bowling,0.11764705882352941
s1217,Plaza,School,0.11764705882352941
s1218,Plaza,Zoo,0.375
s1219,Plaza,Park,0.8235294117647058
s1220,Plaza,Arts,0.11764705882352941
s1221,Plaza,Track,0.5333333333333333
s1222,Plaza,Opera,0.125
s1223,Plaza,Casino,0.3333333333333333
s1224,Plaza,Outdoors,0.5
s1225,Plaza,Theater,0.35294117647058826
s1226,Plaza,Entertainment,0.11764705882352941
s1227,Plaza,Memorial,0.125
s1228,Plaza,Comedy,0.125
s1229,Plaza,Attraction,0.23529411764705882
s1230,Plaza,Church,0.11764705882352941
s1231,Plaza,Street,0.3333333333333333
s1232,Plaza,Amphitheater,0.3333333333333333
s1233,Plaza,Science,0.11764705882352941
s1234,Plaza,Sculpture,0.3333333333333333
s1235,Plaza,Castle,0.3157894736842105
s1236,Plaza,Jazz,0.11764705882352941
s1237,Plaza,Rock,0.4
s1238,Plaza,Rap,0.1111111111111111
s1239,Plaza,Techno,0.125
s1240,Plaza,Painting,0.3333333333333333
s130,Hall,Cinema,0.5555555555555556
s131,Hall,Multiplex,0.5263157894736842
s132,Hall,Movie,0.5555555555555556
s133,Hall,Film,0.5555555555555556
s134,Hall,History,0.125
s135,Hall,Museum,0.5555555555555556
s136,Hall,Art,0.5882352941176471
s137,Hall,Sport,0.1111111111111111
s138,Hall,Bar,0.5263157894736842
s139,Hall,Site,0.3333333333333333
s1310,Hall,Concert,0.1111111111111111
s1311,Hall,Music,0.13333333333333333
s1312,Hall,Plaza,0.3157894736842105
s1313,Hall,Hall,1.0
s1314,Hall,Gallery,0.11764705882352941
s1315,Hall,Stadium,0.5882352941176471
s1316,Hall,Bowling,0.1111111111111111
s1317,Hall,School,0.1111111111111111
s1318,Hall,Zoo,0.5882352941176471
s1319,Hall,Park,0.3333333333333333
s1320,Hall,Arts,0.1111111111111111
s1321,Hall,Track,0.375
s1322,Hall,Opera,0.11764705882352941
s1323,Hall,Casino,0.5263157894736842
s1324,Hall,Outdoors,0.35294117647058826
s1325,Hall,Theater,0.5555555555555556
s1326,Hall,Entertainment,0.1111111111111111
s1327,Hall,Memorial,0.11764705882352941
s1328,Hall,Comedy,0.11764705882352941
s1329,Hall,Attraction,0.2222222222222222
s1330,Hall,Church,0.1111111111111111
s1331,Hall,Street,0.631578947368421
s1332,Hall,Amphitheater,0.5263157894736842
s1333,Hall,Science,0.1111111111111111
s1334,Hall,Sculpture,0.5263157894736842
s1335,Hall,Castle,0.5
s1336,Hall,Jazz,0.1111111111111111
s1337,Hall,Rock,0.5
s1338,Hall,Rap,0.10526315789473684
s1339,Hall,Techno,0.11764705882352941
s1340,Hall,Painting,0.5263157894736842
s140,Gallery,Cinema,0.13333333333333333
s141,Gallery,Multiplex,0.125
s142,Gallery,Movie,0.2857142857142857
s143,Gallery,Film,0.2857142857142857
s144,Gallery,History,0.3076923076923077
s145,Gallery,Museum,0.13333333333333333
s146,Gallery,Art,0.14285714285714285
s147,Gallery,Sport,0.26666666666666666
s148,Gallery,Bar,0.125
s149,Gallery,Site,0.13333333333333333
s1410,Gallery,Concert,0.26666666666666666
s1411,Gallery,Music,0.3333333333333333
s1412,Gallery,Plaza,0.125
s1413,Gallery,Hall,0.11764705882352941
s1414,Gallery,Gallery,1.0
s1415,Gallery,Stadium,0.14285714285714285
s1416,Gallery,Bowling,0.26666666666666666
s1417,Gallery,School,0.5333333333333333
s1418,Gallery,Zoo,0.14285714285714285
s1419,Gallery,Park,0.13333333333333333
s1420,Gallery,Arts,0.26666666666666666
s1421,Gallery,Track,0.15384615384615385
s1422,Gallery,Opera,0.2857142857142857
s1423,Gallery,Casino,0.125
s1424,Gallery,Outdoors,0.14285714285714285
s1425,Gallery,Theater,0.13333333333333333
s1426,Gallery,Entertainment,0.26666666666666666
s1427,Gallery,Memorial,0.2857142857142857
s1428,Gallery,Comedy,0.2857142857142857
s1429,Gallery,Attraction,0.13333333333333333
s1430,Gallery,Church,0.5333333333333333
s1431,Gallery,Street,0.125
s1432,Gallery,Amphitheater,0.125
s1433,Gallery,Science,0.26666666666666666
s1434,Gallery,Sculpture,0.2857142857142857
s1435,Gallery,Castle,0.11764705882352941
s1436,Gallery,Jazz,0.26666666666666666
s1437,Gallery,Rock,0.15384615384615385
s1438,Gallery,Rap,0.25
s1439,Gallery,Techno,0.2857142857142857
s1440,Gallery,Painting,0.125
s150,Stadium,Cinema,0.6666666666666666
s151,Stadium,Multiplex,0.625
s152,Stadium,Movie,0.6666666666666666
s153,Stadium,Film,0.6666666666666666
s154,Stadium,History,0.15384615384615385
s155,Stadium,Museum,0.6666666666666666
s156,Stadium,Art,0.7142857142857143
s157,Stadium,Sport,0.13333333333333333
s158,Stadium,Bar,0.75
s159,Stadium,Site,0.4
s1510,Stadium,Concert,0.13333333333333333
s1511,Stadium,Music,0.16666666666666666
s1512,Stadium,Plaza,0.375
s1513,Stadium,Hall,0.5882352941176471
s1514,Stadium,Gallery,0.14285714285714285
s1515,Stadium,Stadium,1.0
s1516,Stadium,Bowling,0.13333333333333333
s1517,Stadium,School,0.13333333333333333
s1518,Stadium,Zoo,0.7142857142857143
s1519,Stadium,Park,0.4
s1520,Stadium,Arts,0.13333333333333333
s1521,Stadium,Track,0.46153846153846156
s1522,Stadium,Opera,0.14285714285714285
s1523,Stadium,Casino,0.75
s1524,Stadium,Outdoors,0.42857142857142855
s1525,Stadium,Theater,0.8
s1526,Stadium,Entertainment,0.13333333333333333
s1527,Stadium,Memorial,0.14285714285714285
s1528,Stadium,Comedy,0.14285714285714285
s1529,Stadium,Attraction,0.26666666666666666
s1530,Stadium,Church,0.13333333333333333
s1531,Stadium,Street,0.625
s1532,Stadium,Amphitheater,0.75
s1533,Stadium,Science,0.13333333333333333
s1534,Stadium,Sculpture,0.625
s1535,Stadium,Castle,0.7058823529411765
s1536,Stadium,Jazz,0.13333333333333333
s1537,Stadium,Rock,0.6153846153846154
s1538,Stadium,Rap,0.125
s1539,Stadium,Techno,0.14285714285714285
s1540,Stadium,Painting,0.625
s160,Bowling,Cinema,0.125
s161,Bowling,Multiplex,0.11764705882352941
s162,Bowling,Movie,0.5333333333333333
s163,Bowling,Film,0.5333333333333333
s164,Bowling,History,0.2857142857142857
s165,Bowling,Museum,0.125
s166,Bowling,Art,0.13333333333333333
s167,Bowling,Sport,0.75
s168,Bowling,Bar,0.11764705882352941
s169,Bowling,Site,0.125
s1610,Bowling,Concert,0.5
s1611,Bowling,Music,0.3076923076923077
s1612,Bowling,Plaza,0.11764705882352941
s1613,Bowling,Hall,0.1111111111111111
s1614,Bowling,Gallery,0.26666666666666666
s1615,Bowling,Stadium,0.13333333333333333
s1616,Bowling,Bowling,1.0
s1617,Bowling,School,0.25
s1618,Bowling,Zoo,0.13333333333333333
s1619,Bowling,Park,0.125
s1620,Bowling,Arts,0.375
s1621,Bowling,Track,0.14285714285714285
s1622,Bowling,Opera,0.26666666666666666
s1623,Bowling,Casino,0.11764705882352941
s1624,Bowling,Outdoors,0.13333333333333333
s1625,Bowling,Theater,0.125
s1626,Bowling,Entertainment,0.75
s1627,Bowling,Memorial,0.26666666666666666
s1628,Bowling,Comedy,0.26666666666666666
s1629,Bowling,Attraction,0.125
s1630,Bowling,Church,0.25
s1631,Bowling,Street,0.11764705882352941
s1632,Bowling,Amphitheater,0.11764705882352941
s1633,Bowling,Science,0.375
s1634,Bowling,Sculpture,0.26666666666666666
s1635,Bowling,Castle,0.1111111111111111
s1636,Bowling,Jazz,0.25
s1637,Bowling,Rock,0.14285714285714285
s1638,Bowling,Rap,0.23529411764705882
s1639,Bowling,Techno,0.26666666666666666
s1640,Bowling,Painting,0.11764705882352941
s170,School,Cinema,0.125
s171,School,Multiplex,0.11764705882352941
s172,School,Movie,0.26666666666666666
s173,School,Film,0.26666666666666666
s174,School,History,0.2857142857142857
s175,School,Museum,0.125
s176,School,Art,0.13333333333333333
s177,School,Sport,0.25
s178,School,Bar,0.11764705882352941
s179,School,Site,0.125
s1710,School,Concert,0.25
s1711,School,Music,0.3076923076923077
s1712,School,Plaza,0.11764705882352941
s1713,School,Hall,0.1111111111111111
s1714,School,Gallery,0.5333333333333333
s1715,School,Stadium,0.13333333333333333
s1716,School,Bowling,0.25
s1717,School,School,1.0
s1718,School,Zoo,0.13333333333333333
s1719,School,Park,0.125
s1720,School,Arts,0.25
s1721,School,Track,0.14285714285714285
s1722,School,Opera,0.26666666666666666
s1723,School,Casino,0.11764705882352941
s1724,School,Outdoors,0.13333333333333333
s1725,School,Theater,0.125
s1726,School,Entertainment,0.25
s1727,School,Memorial,0.26666666666666666
s1728,School,Comedy,0.26666666666666666
s1729,School,Attraction,0.125
s1730,School,Church,0.75
s1731,School,Street,0.11764705882352941
s1732,School,Amphitheater,0.11764705882352941
s1733,School,Science,0.25
s1734,School,Sculpture,0.26666666666666666
s1735,School,Castle,0.1111111111111111
s1736,School,Jazz,0.25
s1737,School,Rock,0.14285714285714285
s1738,School,Rap,0.23529411764705882
s1739,School,Techno,0.26666666666666666
s1740,School,Painting,0.11764705882352941
s180,Zoo,Cinema,0.6666666666666666
s181,Zoo,Multiplex,0.625
s182,Zoo,Movie,0.6666666666666666
s183,Zoo,Film,0.6666666666666666
s184,Zoo,History,0.15384615384615385
s185,Zoo,Museum,0.8
s186,Zoo,Art,0.7142857142857143
s187,Zoo,Sport,0.13333333333333333
s188,Zoo,Bar,0.625
s189,Zoo,Site,0.4
s1810,Zoo,Concert,0.13333333333333333
s1811,Zoo,Music,0.16666666666666666
s1812,Zoo,Plaza,0.375
s1813,Zoo,Hall,0.5882352941176471
s1814,Zoo,Gallery,0.14285714285714285
s1815,Zoo,Stadium,0.7142857142857143
s1816,Zoo,Bowling,0.13333333333333333
s1817,Zoo,School,0.13333333333333333
s1818,Zoo,Zoo,1.0
s1819,Zoo,Park,0.4
s1820,Zoo,Arts,0.13333333333333333
s1821,Zoo,Track,0.46153846153846156
s1822,Zoo,Opera,0.14285714285714285
s1823,Zoo,Casino,0.625
s1824,Zoo,Outdoors,0.42857142857142855
s1825,Zoo,Theater,0.6666666666666666
s1826,Zoo,Entertainment,0.13333333333333333
s1827,Zoo,Memorial,0.14285714285714285
s1828,Zoo,Comedy,0.14285714285714285
s1829,Zoo,Attraction,0.26666666666666666
s1830,Zoo,Church,0.13333333333333333
s1831,Zoo,Street,0.625
s1832,Zoo,Amphitheater,0.625
s1833,Zoo,Science,0.13333333333333333
s1834,Zoo,Sculpture,0.625
s1835,Zoo,Castle,0.5882352941176471
s1836,Zoo,Jazz,0.13333333333333333
s1837,Zoo,Rock,0.6153846153846154
s1838,Zoo,Rap,0.125
s1839,Zoo,Techno,0.14285714285714285
s1840,Zoo,Painting,0.625
s190,Park,Cinema,0.375
s191,Park,Multiplex,0.35294117647058826
s192,Park,Movie,0.375
s193,Park,Film,0.375
s194,Park,History,0.14285714285714285
s195,Park,Museum,0.375
s196,Park,Art,0.4
s197,Park,Sport,0.125
s198,Park,Bar,0.35294117647058826
s199,Park,Site,0.875
s1910,Park,Concert,0.125
s1911,Park,Music,0.15384615384615385
s1912,Park,Plaza,0.8235294117647058
s1913,Park,Hall,0.3333333333333333
s1914,Park,Gallery,0.13333333333333333
s1915,Park,Stadium,0.4
s1916,Park,Bowling,0.125
s1917,Park,School,0.125
s1918,Park,Zoo,0.4
s1919,Park,Park,1.0
s1920,Park,Arts,0.125
s1921,Park,Track,0.5714285714285714
s1922,Park,Opera,0.13333333333333333
s1923,Park,Casino,0.35294117647058826
s1924,Park,Outdoors,0.5333333333333333
s1925,Park,Theater,0.375
s1926,Park,Entertainment,0.125
s1927,Park,Memorial,0.13333333333333333
s1928,Park,Comedy,0.13333333333333333
s1929,Park,Attraction,0.25
s1930,Park,Church,0.125
s1931,Park,Street,0.35294117647058826
s1932,Park,Amphitheater,0.35294117647058826
s1933,Park,Science,0.125
s1934,Park,Sculpture,0.35294117647058826
s1935,Park,Castle,0.3333333333333333
s1936,Park,Jazz,0.125
s1937,Park,Rock,0.42857142857142855
s1938,Park,Rap,0.11764705882352941
s1939,Park,Techno,0.13333333333333333
s1940,Park,Painting,0.35294117647058826
s200,Arts,Cinema,0.125
s201,Arts,Multiplex,0.11764705882352941
s202,Arts,Movie,0.4
s203,Arts,Film,0.4
s204,Arts,History,0.2857142857142857
s205,Arts,Museum,0.125
s206,Arts,Art,0.13333333333333333
s207,Arts,Sport,0.375
s208,Arts,Bar,0.11764705882352941
s209,Arts,Site,0.125
s2010,Arts,Concert,0.375
s2011,Arts,Music,0.3076923076923077
s2012,Arts,Plaza,0.11764705882352941
s2013,Arts,Hall,0.1111111111111111
s2014,Arts,Gallery,0.26666666666666666
s2015,Arts,Stadium,0.13333333333333333
s2016,Arts,Bowling,0.375
s2017,Arts,School,0.25
s2018,Arts,Zoo,0.13333333333333333
s2019,Arts,Park,0.125
s2020,Arts,Arts,1.0
s2021,Arts,Track,0.14285714285714285
s2022,Arts,Opera,0.26666666666666666
s2023,Arts,Casino,0.11764705882352941
s2024,Arts,Outdoors,0.13333333333333333
s2025,Arts,Theater,0.125
s2026,Arts,Entertainment,0.375
s2027,Arts,Memorial,0.26666666666666666
s2028,Arts,Comedy,0.26666666666666666
s2029,Arts,Attraction,0.125
s2030,Arts,Church,0.25
s2031,Arts,Street,0.11764705882352941
s2032,Arts,Amphitheater,0.11764705882352941
s2033,Arts,Science,0.875
s2034,Arts,Sculpture,0.26666666666666666
s2035,Arts,Castle,0.1111111111111111
s2036,Arts,Jazz,0.25
s2037,Arts,Rock,0.14285714285714285
s2038,Arts,Rap,0.23529411764705882
s2039,Arts,Techno,0.26666666666666666
s2040,Arts,Painting,0.11764705882352941
s210,Track,Cinema,0.42857142857142855
s211,Track,Multiplex,0.4
s212,Track,Movie,0.42857142857142855
s213,Track,Film,0.42857142857142855
s214,Track,History,0.16666666666666666
s215,Track,Museum,0.42857142857142855
s216,Track,Art,0.46153846153846156
s217,Track,Sport,0.14285714285714285
s218,Track,Bar,0.4
s219,Track,Site,0.5714285714285714
s2110,Track,Concert,0.14285714285714285
s2111,Track,Music,0.18181818181818182
s2112,Track,Plaza,0.5333333333333333
s2113,Track,Hall,0.375
s2114,Track,Gallery,0.15384615384615385
s2115,Track,Stadium,0.46153846153846156
s2116,Track,Bowling,0.14285714285714285
s2117,Track,School,0.14285714285714285
s2118,Track,Zoo,0.46153846153846156
s2119,Track,Park,0.5714285714285714
s2120,Track,Arts,0.14285714285714285
s2121,Track,Track,1.0
s2122,Track,Opera,0.15384615384615385
s2123,Track,Casino,0.4
s2124,Track,Outdoors,0.6153846153846154
s2125,Track,Theater,0.42857142857142855
s2126,Track,Entertainment,0.14285714285714285
s2127,Track,Memorial,0.15384615384615385
s2128,Track,Comedy,0.15384615384615385
s2129,Track,Attraction,0.2857142857142857
s2130,Track,Church,0.14285714285714285
s2131,Track,Street,0.4
s2132,Track,Amphitheater,0.4
s2133,Track,Science,0.14285714285714285
s2134,Track,Sculpture,0.4
s2135,Track,Castle,0.375
s2136,Track,Jazz,0.14285714285714285
s2137,Track,Rock,0.5
s2138,Track,Rap,0.13333333333333333
s2139,Track,Techno,0.15384615384615385
s2140,Track,Painting,0.4
s220,Opera,Cinema,0.13333333333333333
s221,Opera,Multiplex,0.125
s222,Opera,Movie,0.2857142857142857
s223,Opera,Film,0.2857142857142857
s224,Opera,History,0.3076923076923077
s225,Opera,Museum,0.13333333333333333
s226,Opera,Art,0.14285714285714285
s227,Opera,Sport,0.26666666666666666
s228,Opera,Bar,0.125
s229,Opera,Site,0.13333333333333333
s2210,Opera,Concert,0.26666666666666666
s2211,Opera,Music,0.7692307692307693
s2212,Opera,Plaza,0.125
s2213,Opera,Hall,0.11764705882352941
s2214,Opera,Gallery,0.2857142857142857
s2215,Opera,Stadium,0.14285714285714285
s2216,Opera,Bowling,0.26666666666666666
s2217,Opera,School,0.26666666666666666
s2218,Opera,Zoo,0.14285714285714285
s2219,Opera,Park,0.13333333333333333
s2220,Opera,Arts,0.26666666666666666
s2221,Opera,Track,0.15384615384615385
s2222,Opera,Opera,1.0
s2223,Opera,Casino,0.125
s2224,Opera,Outdoors,0.14285714285714285
s2225,Opera,Theater,0.13333333333333333
s2226,Opera,Entertainment,0.26666666666666666
s2227,Opera,Memorial,0.42857142857142855
s2228,Opera,Comedy,0.5714285714285714
s2229,Opera,Attraction,0.13333333333333333
s2230,Opera,Church,0.26666666666666666
s2231,Opera,Street,0.125
s2232,Opera,Amphitheater,0.125
s2233,Opera,Science,0.26666666666666666
s2234,Opera,Sculpture,0.2857142857142857
s2235,Opera,Castle,0.11764705882352941
s2236,Opera,Jazz,0.5
s2237,Opera,Rock,0.15384615384615385
s2238,Opera,Rap,0.375
s2239,Opera,Techno,0.6666666666666666
s2240,Opera,Painting,0.125
s230,Casino,Cinema,0.5882352941176471
s231,Casino,Multiplex,0.5555555555555556
s232,Casino,Movie,0.5882352941176471
s233,Casino,Film,0.5882352941176471
s234,Casino,History,0.13333333333333333
s235,Casino,Museum,0.5882352941176471
s236,Casino,Art,0.625
s237,Casino,Sport,0.11764705882352941
s238,Casino,Bar,0.6666666666666666
s239,Casino,Site,0.35294117647058826
s2310,Casino,Concert,0.11764705882352941
s2311,Casino,Music,0.14285714285714285
s2312,Casino,Plaza,0.3333333333333333
s2313,Casino,Hall,0.5263157894736842
s2314,Casino,Gallery,0.125
s2315,Casino,Stadium,0.75
s2316,Casino,Bowling,0.11764705882352941
s2317,Casino,School,0.11764705882352941
s2318,Casino,Zoo,0.625
s2319,Casino,Park,0.35294117647058826
s2320,Casino,Arts,0.11764705882352941
s2321,Casino,Track,0.4
s2322,Casino,Opera,0.125
s2323,Casino,Casino,1.0
s2324,Casino,Outdoors,0.375
s2325,Casino,Theater,0.8235294117647058
s2326,Casino,Entertainment,0.11764705882352941
s2327,Casino,Memorial,0.125
s2328,Casino,Comedy,0.125
s2329,Casino,Attraction,0.23529411764705882
s2330,Casino,Church,0.11764705882352941
s2331,Casino,Street,0.5555555555555556
s2332,Casino,Amphitheater,0.6666666666666666
s2333,Casino,Science,0.11764705882352941
s2334,Casino,Sculpture,0.5555555555555556
s2335,Casino,Castle,0.7368421052631579
s2336,Casino,Jazz,0.11764705882352941
s2337,Casino,Rock,0.5333333333333333
s2338,Casino,Rap,0.1111111111111111
s2339,Casino,Techno,0.125
s2340,Casino,Painting,0.5555555555555556
s240,Outdoors,Cinema,0.4
s241,Outdoors,Multiplex,0.375
s242,Outdoors,Movie,0.4
s243,Outdoors,Film,0.4
s244,Outdoors,History,0.15384615384615385
s245,Outdoors,Museum,0.4
s246,Outdoors,Art,0.42857142857142855
s247,Outdoors,Sport,0.13333333333333333
s248,Outdoors,Bar,0.375
s249,Outdoors,Site,0.5333333333333333
s2410,Outdoors,Concert,0.13333333333333333
s2411,Outdoors,Music,0.16666666666666666
s2412,Outdoors,Plaza,0.5
s2413,Outdoors,Hall,0.35294117647058826
s2414,Outdoors,Gallery,0.14285714285714285
s2415,Outdoors,Stadium,0.42857142857142855
s2416,Outdoors,Bowling,0.13333333333333333
s2417,Outdoors,School,0.13333333333333333
s2418,Outdoors,Zoo,0.42857142857142855
s2419,Outdoors,Park,0.5333333333333333
s2420,Outdoors,Arts,0.13333333333333333
s2421,Outdoors,Track,0.6153846153846154
s2422,Outdoors,Opera,0.14285714285714285
s2423,Outdoors,Casino,0.375
s2424,Outdoors,Outdoors,1.0
s2425,Outdoors,Theater,0.4
s2426,Outdoors,Entertainment,0.13333333333333333
s2427,Outdoors,Memorial,0.14285714285714285
s2428,Outdoors,Comedy,0.14285714285714285
s2429,Outdoors,Attraction,0.26666666666666666
s2430,Outdoors,Church,0.13333333333333333
s2431,Outdoors,Street,0.375
s2432,Outdoors,Amphitheater,0.375
s2433,Outdoors,Science,0.13333333333333333
s2434,Outdoors,Sculpture,0.375
s2435,Outdoors,Castle,0.35294117647058826
s2436,Outdoors,Jazz,0.13333333333333333
s2437,Outdoors,Rock,0.46153846153846156
s2438,Outdoors,Rap,0.125
s2439,Outdoors,Techno,0.14285714285714285
s2440,Outdoors,Painting,0.375
s250,Theater,Cinema,0.625
s251,Theater,Multiplex,0.5882352941176471
s252,Theater,Movie,0.625
s253,Theater,Film,0.625
s254,Theater,History,0.14285714285714285
s255,Theater,Museum,0.625
s256,Theater,Art,0.6666666666666666
s257,Theater,Sport,0.125
s258,Theater,Bar,0.7058823529411765
s259,Theater,Site,0.375
s2510,Theater,Concert,0.125
s2511,Theater,Music,0.15384615384615385
s2512,Theater,Plaza,0.35294117647058826
s2513,Theater,Hall,0.5555555555555556
s2514,Theater,Gallery,0.13333333333333333
s2515,Theater,Stadium,0.8
s2516,Theater,Bowling,0.125
s2517,Theater,School,0.125
s2518,Theater,Zoo,0.6666666666666666
s2519,Theater,Park,0.375
s2520,Theater,Arts,0.125
s2521,Theater,Track,0.42857142857142855
s2522,Theater,Opera,0.13333333333333333
s2523,Theater,Casino,0.8235294117647058
s2524,Theater,Outdoors,0.4
s2525,Theater,Theater,1.0
s2526,Theater,Entertainment,0.125
s2527,Theater,Memorial,0.13333333333333333
s2528,Theater,Comedy,0.13333333333333333
s2529,Theater,Attraction,0.25
s2530,Theater,Church,0.125
s2531,Theater,Street,0.5882352941176471
s2532,Theater,Amphitheater,0.7058823529411765
s2533,Theater,Science,0.125
s2534,Theater,Sculpture,0.5882352941176471
s2535,Theater,Castle,0.7777777777777778
s2536,Theater,Jazz,0.125
s2537,Theater,Rock,0.5714285714285714
s2538,Theater,Rap,0.11764705882352941
s2539,Theater,Techno,0.13333333333333333
s2540,Theater,Painting,0.5882352941176471
s260,Entertainment,Cinema,0.125
s261,Entertainment,Multiplex,0.11764705882352941
s262,Entertainment,Movie,0.5333333333333333
s263,Entertainment,Film,0.5333333333333333
s264,Entertainment,History,0.2857142857142857
s265,Entertainment,Museum,0.125
s266,Entertainment,Art,0.13333333333333333
s267,Entertainment,Sport,0.875
s268,Entertainment,Bar,0.11764705882352941
s269,Entertainment,Site,0.125
s2610,Entertainment,Concert,0.5
s2611,Entertainment,Music,0.3076923076923077
s2612,Entertainment,Plaza,0.11764705882352941
s2613,Entertainment,Hall,0.1111111111111111
s2614,Entertainment,Gallery,0.26666666666666666
s2615,Entertainment,Stadium,0.13333333333333333
s2616,Entertainment,Bowling,0.75
s2617,Entertainment,School,0.25
s2618,Entertainment,Zoo,0.13333333333333333
s2619,Entertainment,Park,0.125
s2620,Entertainment,Arts,0.375
s2621,Entertainment,Track,0.14285714285714285
s2622,Entertainment,Opera,0.26666666666666666
s2623,Entertainment,Casino,0.11764705882352941
s2624,Entertainment,Outdoors,0.13333333333333333
s2625,Entertainment,Theater,0.125
s2626,Entertainment,Entertainment,1.0
s2627,Entertainment,Memorial,0.26666666666666666
s2628,Entertainment,Comedy,0.26666666666666666
s2629,Entertainment,Attraction,0.125
s2630,Entertainment,Church,0.25
s2631,Entertainment,Street,0.11764705882352941
s2632,Entertainment,Amphitheater,0.11764705882352941
s2633,Entertainment,Science,0.375
s2634,Entertainment,Sculpture,0.26666666666666666
s2635,Entertainment,Castle,0.1111111111111111
s2636,Entertainment,Jazz,0.25
s2637,Entertainment,Rock,0.14285714285714285
s2638,Entertainment,Rap,0.23529411764705882
s2639,Entertainment,Techno,0.26666666666666666
s2640,Entertainment,Painting,0.11764705882352941
s270,Memorial,Cinema,0.13333333333333333
s271,Memorial,Multiplex,0.125
s272,Memorial,Movie,0.2857142857142857
s273,Memorial,Film,0.2857142857142857
s274,Memorial,History,0.3076923076923077
s275,Memorial,Museum,0.13333333333333333
s276,Memorial,Art,0.14285714285714285
s277,Memorial,Sport,0.26666666666666666
s278,Memorial,Bar,0.125
s279,Memorial,Site,0.13333333333333333
s2710,Memorial,Concert,0.26666666666666666
s2711,Memorial,Music,0.5
s2712,Memorial,Plaza,0.125
s2713,Memorial,Hall,0.11764705882352941
s2714,Memorial,Gallery,0.2857142857142857
s2715,Memorial,Stadium,0.14285714285714285
s2716,Memorial,Bowling,0.26666666666666666
s2717,Memorial,School,0.26666666666666666
s2718,Memorial,Zoo,0.14285714285714285
s2719,Memorial,Park,0.13333333333333333
s2720,Memorial,Arts,0.26666666666666666
s2721,Memorial,Track,0.15384615384615385
s2722,Memorial,Opera,0.42857142857142855
s2723,Memorial,Casino,0.125
s2724,Memorial,Outdoors,0.14285714285714285
s2725,Memorial,Theater,0.13333333333333333
s2726,Memorial,Entertainment,0.26666666666666666
s2727,Memorial,Memorial,1.0
s2728,Memorial,Comedy,0.42857142857142855
s2729,Memorial,Attraction,0.13333333333333333
s2730,Memorial,Church,0.26666666666666666
s2731,Memorial,Street,0.125
s2732,Memorial,Amphitheater,0.125
s2733,Memorial,Science,0.26666666666666666
s2734,Memorial,Sculpture,0.2857142857142857
s2735,Memorial,Castle,0.11764705882352941
s2736,Memorial,Jazz,0.4
s2737,Memorial,Rock,0.15384615384615385
s2738,Memorial,Rap,0.5
s2739,Memorial,Techno,0.42857142857142855
s2740,Memorial,Painting,0.125
s280,Comedy,Cinema,0.13333333333333333
s281,Comedy,Multiplex,0.125
s282,Comedy,Movie,0.2857142857142857
s283,Comedy,Film,0.2857142857142857
s284,Comedy,History,0.3076923076923077
s285,Comedy,Museum,0.13333333333333333
s286,Comedy,Art,0.14285714285714285
s287,Comedy,Sport,0.26666666666666666
s288,Comedy,Bar,0.125
s289,Comedy,Site,0.13333333333333333
s2810,Comedy,Concert,0.26666666666666666
s2811,Comedy,Music,0.5
s2812,Comedy,Plaza,0.125
s2813,Comedy,Hall,0.11764705882352941
s2814,Comedy,Gallery,0.2857142857142857
s2815,Comedy,Stadium,0.14285714285714285
s2816,Comedy,Bowling,0.26666666666666666
s2817,Comedy,School,0.26666666666666666
s2818,Comedy,Zoo,0.14285714285714285
s2819,Comedy,Park,0.13333333333333333
s2820,Comedy,Arts,0.26666666666666666
s2821,Comedy,Track,0.15384615384615385
s2822,Comedy,Opera,0.5714285714285714
s2823,Comedy,Casino,0.125
s2824,Comedy,Outdoors,0.14285714285714285
s2825,Comedy,Theater,0.13333333333333333
s2826,Comedy,Entertainment,0.26666666666666666
s2827,Comedy,Memorial,0.42857142857142855
s2828,Comedy,Comedy,1.0
s2829,Comedy,Attraction,0.13333333333333333
s2830,Comedy,Church,0.26666666666666666
s2831,Comedy,Street,0.125
s2832,Comedy,Amphitheater,0.125
s2833,Comedy,Science,0.26666666666666666
s2834,Comedy,Sculpture,0.2857142857142857
s2835,Comedy,Castle,0.11764705882352941
s2836,Comedy,Jazz,0.4
s2837,Comedy,Rock,0.15384615384615385
s2838,Comedy,Rap,0.375
s2839,Comedy,Techno,0.42857142857142855
s2840,Comedy,Painting,0.125
s290,Attraction,Cinema,0.25
s291,Attraction,Multiplex,0.23529411764705882
s292,Attraction,Movie,0.25
s293,Attraction,Film,0.25
s294,Attraction,History,0.14285714285714285
s295,Attraction,Museum,0.25
s296,Attraction,Art,0.26666666666666666
s297,Attraction,Sport,0.125
s298,Attraction,Bar,0.23529411764705882
s299,Attraction,Site,0.25
s2910,Attraction,Concert,0.125
s2911,Attraction,Music,0.15384615384615385
s2912,Attraction,Plaza,0.23529411764705882
s2913,Attraction,Hall,0.2222222222222222
s2914,Attraction,Gallery,0.13333333333333333
s2915,Attraction,Stadium,0.26666666666666666
s2916,Attraction,Bowling,0.125
s2917,Attraction,School,0.125
s2918,Attraction,Zoo,0.26666666666666666
s2919,Attraction,Park,0.25
s2920,Attraction,Arts,0.125
s2921,Attraction,Track,0.2857142857142857
s2922,Attraction,Opera,0.13333333333333333
s2923,Attraction,Casino,0.23529411764705882
s2924,Attraction,Outdoors,0.26666666666666666
s2925,Attraction,Theater,0.25
s2926,Attraction,Entertainment,0.125
s2927,Attraction,Memorial,0.13333333333333333
s2928,Attraction,Comedy,0.13333333333333333
s2929,Attraction,Attraction,1.0
s2930,Attraction,Church,0.125
s2931,Attraction,Street,0.23529411764705882
s2932,Attraction,Amphitheater,0.23529411764705882
s2933,Attraction,Science,0.125
s2934,Attraction,Sculpture,0.23529411764705882
s2935,Attraction,Castle,0.2222222222222222
s2936,Attraction,Jazz,0.125
s2937,Attraction,Rock,0.2857142857142857
s2938,Attraction,Rap,0.11764705882352941
s2939,Attraction,Techno,0.13333333333333333
s2940,Attraction,Painting,0.23529411764705882
s300,Church,Cinema,0.125
s301,Church,Multiplex,0.11764705882352941
s302,Church,Movie,0.26666666666666666
s303,Church,Film,0.26666666666666666
s304,Church,History,0.2857142857142857
s305,Church,Museum,0.125
s306,Church,Art,0.13333333333333333
s307,Church,Sport,0.25
s308,Church,Bar,0.11764705882352941
s309,Church,Site,0.125
s3010,Church,Concert,0.25
s3011,Church,Music,0.3076923076923077
s3012,Church,Plaza,0.11764705882352941
s3013,Church,Hall,0.1111111111111111
s3014,Church,Gallery,0.5333333333333333
s3015,Church,Stadium,0.13333333333333333
s3016,Church,Bowling,0.25
s3017,Church,School,0.75
s3018,Church,Zoo,0.13333333333333333
s3019,Church,Park,0.125
s3020,Church,Arts,0.25
s3021,Church,Track,0.14285714285714285
s3022,Church,Opera,0.26666666666666666
s3023,Church,Casino,0.11764705882352941
s3024,Church,Outdoors,0.13333333333333333
s3025,Church,Theater,0.125
s3026,Church,Entertainment,0.25
s3027,Church,Memorial,0.26666666666666666
s3028,Church,Comedy,0.26666666666666666
s3029,Church,Attraction,0.125
s3030,Church,Church,1.0
s3031,Church,Street,0.11764705882352941
s3032,Church,Amphitheater,0.11764705882352941
s3033,Church,Science,0.25
s3034,Church,Sculpture,0.26666666666666666
s3035,Church,Castle,0.1111111111111111
s3036,Church,Jazz,0.25
s3037,Church,Rock,0.14285714285714285
s3038,Church,Rap,0.23529411764705882
s3039,Church,Techno,0.26666666666666666
s3040,Church,Painting,0.11764705882352941
s310,Street,Cinema,0.5882352941176471
s311,Street,Multiplex,0.5555555555555556
s312,Street,Movie,0.5882352941176471
s313,Street,Film,0.5882352941176471
s314,Street,History,0.13333333333333333
s315,Street,Museum,0.5882352941176471
s316,Street,Art,0.625
s317,Street,Sport,0.11764705882352941
s318,Street,Bar,0.5555555555555556
s319,Street,Site,0.35294117647058826
s3110,Street,Concert,0.11764705882352941
s3111,Street,Music,0.14285714285714285
s3112,Street,Plaza,0.3333333333333333
s3113,Street,Hall,0.631578947368421
s3114,Street,Gallery,0.125
s3115,Street,Stadium,0.625
s3116,Street,Bowling,0.11764705882352941
s3117,Street,School,0.11764705882352941
s3118,Street,Zoo,0.625
s3119,Street,Park,0.35294117647058826
s3120,Street,Arts,0.11764705882352941
s3121,Street,Track,0.4
s3122,Street,Opera,0.125
s3123,Street,Casino,0.5555555555555556
s3124,Street,Outdoors,0.375
s3125,Street,Theater,0.5882352941176471
s3126,Street,Entertainment,0.11764705882352941
s3127,Street,Memorial,0.125
s3128,Street,Comedy,0.125
s3129,Street,Attraction,0.23529411764705882
s3130,Street,Church,0.11764705882352941
s3131,Street,Street,1.0
s3132,Street,Amphitheater,0.5555555555555556
s3133,Street,Science,0.11764705882352941
s3134,Street,Sculpture,0.5555555555555556
s3135,Street,Castle,0.5263157894736842
s3136,Street,Jazz,0.11764705882352941
s3137,Street,Rock,0.5333333333333333
s3138,Street,Rap,0.1111111111111111
s3139,Street,Techno,0.125
s3140,Street,Painting,0.5555555555555556
s320,Amphitheater,Cinema,0.5882352941176471
s321,Amphitheater,Multiplex,0.5555555555555556
s322,Amphitheater,Movie,0.5882352941176471
s323,Amphitheater,Film,0.5882352941176471
s324,Amphitheater,History,0.13333333333333333
s325,Amphitheater,Museum,0.5882352941176471
s326,Amphitheater,Art,0.625
s327,Amphitheater,Sport,0.11764705882352941
s328,Amphitheater,Bar,0.6666666666666666
s329,Amphitheater,Site,0.35294117647058826
s3210,Amphitheater,Concert,0.11764705882352941
s3211,Amphitheater,Music,0.14285714285714285
s3212,Amphitheater,Plaza,0.3333333333333333
s3213,Amphitheater,Hall,0.5263157894736842
s3214,Amphitheater,Gallery,0.125
s3215,Amphitheater,Stadium,0.75
s3216,Amphitheater,Bowling,0.11764705882352941
s3217,Amphitheater,School,0.11764705882352941
s3218,Amphitheater,Zoo,0.625
s3219,Amphitheater,Park,0.35294117647058826
s3220,Amphitheater,Arts,0.11764705882352941
s3221,Amphitheater,Track,0.4
s3222,Amphitheater,Opera,0.125
s3223,Amphitheater,Casino,0.6666666666666666
s3224,Amphitheater,Outdoors,0.375
s3225,Amphitheater,Theater,0.7058823529411765
s3226,Amphitheater,Entertainment,0.11764705882352941
s3227,Amphitheater,Memorial,0.125
s3228,Amphitheater,Comedy,0.125
s3229,Amphitheater,Attraction,0.23529411764705882
s3230,Amphitheater,Church,0.11764705882352941
s3231,Amphitheater,Street,0.5555555555555556
s3232,Amphitheater,Amphitheater,1.0
s3233,Amphitheater,Science,0.11764705882352941
s3234,Amphitheater,Sculpture,0.5555555555555556
s3235,Amphitheater,Castle,0.631578947368421
s3236,Amphitheater,Jazz,0.11764705882352941
s3237,Amphitheater,Rock,0.5333333333333333
s3238,Amphitheater,Rap,0.1111111111111111
s3239,Amphitheater,Techno,0.125
s3240,Amphitheater,Painting,0.5555555555555556
s330,Science,Cinema,0.125
s331,Science,Multiplex,0.11764705882352941
s332,Science,Movie,0.4
s333,Science,Film,0.4
s334,Science,History,0.2857142857142857
s335,Science,Museum,0.125
s336,Science,Art,0.13333333333333333
s337,Science,Sport,0.375
s338,Science,Bar,0.11764705882352941
s339,Science,Site,0.125
s3310,Science,Concert,0.375
s3311,Science,Music,0.3076923076923077
s3312,Science,Plaza,0.11764705882352941
s3313,Science,Hall,0.1111111111111111
s3314,Science,Gallery,0.26666666666666666
s3315,Science,Stadium,0.13333333333333333
s3316,Science,Bowling,0.375
s3317,Science,School,0.25
s3318,Science,Zoo,0.13333333333333333
s3319,Science,Park,0.125
s3320,Science,Arts,0.875
s3321,Science,Track,0.14285714285714285
s3322,Science,Opera,0.26666666666666666
s3323,Science,Casino,0.11764705882352941
s3324,Science,Outdoors,0.13333333333333333
s3325,Science,Theater,0.125
s3326,Science,Entertainment,0.375
s3327,Science,Memorial,0.26666666666666666
s3328,Science,Comedy,0.26666666666666666
s3329,Science,Attraction,0.125
s3330,Science,Church,0.25
s3331,Science,Street,0.11764705882352941
s3332,Science,Amphitheater,0.11764705882352941
s3333,Science,Science,1.0
s3334,Science,Sculpture,0.26666666666666666
s3335,Science,Castle,0.1111111111111111
s3336,Science,Jazz,0.25
s3337,Science,Rock,0.14285714285714285
s3338,Science,Rap,0.23529411764705882
s3339,Science,Techno,0.26666666666666666
s3340,Science,Painting,0.11764705882352941
s340,Sculpture,Cinema,0.5882352941176471
s341,Sculpture,Multiplex,0.5555555555555556
s342,Sculpture,Movie,0.7058823529411765
s343,Sculpture,Film,0.7058823529411765
s344,Sculpture,History,0.46153846153846156
s345,Sculpture,Museum,0.5882352941176471
s346,Sculpture,Art,0.875
s347,Sculpture,Sport,0.26666666666666666
s348,Sculpture,Bar,0.5555555555555556
s349,Sculpture,Site,0.35294117647058826
s3410,Sculpture,Concert,0.26666666666666666
s3411,Sculpture,Music,0.3333333333333333
s3412,Sculpture,Plaza,0.3333333333333333
s3413,Sculpture,Hall,0.5263157894736842
s3414,Sculpture,Gallery,0.2857142857142857
s3415,Sculpture,Stadium,0.625
s3416,Sculpture,Bowling,0.26666666666666666
s3417,Sculpture,School,0.26666666666666666
s3418,Sculpture,Zoo,0.625
s3419,Sculpture,Park,0.35294117647058826
s3420,Sculpture,Arts,0.26666666666666666
s3421,Sculpture,Track,0.4
s3422,Sculpture,Opera,0.2857142857142857
s3423,Sculpture,Casino,0.5555555555555556
s3424,Sculpture,Outdoors,0.375
s3425,Sculpture,Theater,0.5882352941176471
s3426,Sculpture,Entertainment,0.26666666666666666
s3427,Sculpture,Memorial,0.2857142857142857
s3428,Sculpture,Comedy,0.2857142857142857
s3429,Sculpture,Attraction,0.23529411764705882
s3430,Sculpture,Church,0.26666666666666666
s3431,Sculpture,Street,0.5555555555555556
s3432,Sculpture,Amphitheater,0.5555555555555556
s3433,Sculpture,Science,0.26666666666666666
s3434,Sculpture,Sculpture,0.8888888888888888
s3435,Sculpture,Castle,0.5263157894736842
s3436,Sculpture,Jazz,0.26666666666666666
s3437,Sculpture,Rock,0.5333333333333333
s3438,Sculpture,Rap,0.25
s3439,Sculpture,Techno,0.2857142857142857
s3440,Sculpture,Painting,0.7777777777777778
s350,Castle,Cinema,0.5555555555555556
s351,Castle,Multiplex,0.5263157894736842
s352,Castle,Movie,0.5555555555555556
s353,Castle,Film,0.5555555555555556
s354,Castle,History,0.125
s355,Castle,Museum,0.5555555555555556
s356,Castle,Art,0.5882352941176471
s357,Castle,Sport,0.1111111111111111
s358,Castle,Bar,0.631578947368421
s359,Castle,Site,0.3333333333333333
s3510,Castle,Concert,0.1111111111111111
s3511,Castle,Music,0.13333333333333333
s3512,Castle,Plaza,0.3157894736842105
s3513,Castle,Hall,0.5
s3514,Castle,Gallery,0.11764705882352941
s3515,Castle,Stadium,0.7058823529411765
s3516,Castle,Bowling,0.1111111111111111
s3517,Castle,School,0.1111111111111111
s3518,Castle,Zoo,0.5882352941176471
s3519,Castle,Park,0.3333333333333333
s3520,Castle,Arts,0.1111111111111111
s3521,Castle,Track,0.375
s3522,Castle,Opera,0.11764705882352941
s3523,Castle,Casino,0.7368421052631579
s3524,Castle,Outdoors,0.35294117647058826
s3525,Castle,Theater,0.7777777777777778
s3526,Castle,Entertainment,0.1111111111111111
s3527,Castle,Memorial,0.11764705882352941
s3528,Castle,Comedy,0.11764705882352941
s3529,Castle,Attraction,0.2222222222222222
s3530,Castle,Church,0.1111111111111111
s3531,Castle,Street,0.5263157894736842
s3532,Castle,Amphitheater,0.631578947368421
s3533,Castle,Science,0.1111111111111111
s3534,Castle,Sculpture,0.5263157894736842
s3535,Castle,Castle,1.0
s3536,Castle,Jazz,0.1111111111111111
s3537,Castle,Rock,0.5
s3538,Castle,Rap,0.10526315789473684
s3539,Castle,Techno,0.11764705882352941
s3540,Castle,Painting,0.5263157894736842
s360,Jazz,Cinema,0.125
s361,Jazz,Multiplex,0.11764705882352941
s362,Jazz,Movie,0.26666666666666666
s363,Jazz,Film,0.26666666666666666
s364,Jazz,History,0.2857142857142857
s365,Jazz,Museum,0.125
s366,Jazz,Art,0.13333333333333333
s367,Jazz,Sport,0.25
s368,Jazz,Bar,0.11764705882352941
s369,Jazz,Site,0.125
s3610,Jazz,Concert,0.25
s3611,Jazz,Music,0.6153846153846154
s3612,Jazz,Plaza,0.11764705882352941
s3613,Jazz,Hall,0.1111111111111111
s3614,Jazz,Gallery,0.26666666666666666
s3615,Jazz,Stadium,0.13333333333333333
s3616,Jazz,Bowling,0.25
s3617,Jazz,School,0.25
s3618,Jazz,Zoo,0.13333333333333333
s3619,Jazz,Park,0.125
s3620,Jazz,Arts,0.25
s3621,Jazz,Track,0.14285714285714285
s3622,Jazz,Opera,0.5
s3623,Jazz,Casino,0.11764705882352941
s3624,Jazz,Outdoors,0.13333333333333333
s3625,Jazz,Theater,0.125
s3626,Jazz,Entertainment,0.25
s3627,Jazz,Memorial,0.4
s3628,Jazz,Comedy,0.4
s3629,Jazz,Attraction,0.125
s3630,Jazz,Church,0.25
s3631,Jazz,Street,0.11764705882352941
s3632,Jazz,Amphitheater,0.11764705882352941
s3633,Jazz,Science,0.25
s3634,Jazz,Sculpture,0.26666666666666666
s3635,Jazz,Castle,0.1111111111111111
s3636,Jazz,Jazz,1.0
s3637,Jazz,Rock,0.14285714285714285
s3638,Jazz,Rap,0.35294117647058826
s3639,Jazz,Techno,0.5333333333333333
s3640,Jazz,Painting,0.11764705882352941
s370,Rock,Cinema,0.5714285714285714
s371,Rock,Multiplex,0.5333333333333333
s372,Rock,Movie,0.5714285714285714
s373,Rock,Film,0.5714285714285714
s374,Rock,History,0.16666666666666666
s375,Rock,Museum,0.5714285714285714
s376,Rock,Art,0.6153846153846154
s377,Rock,Sport,0.14285714285714285
s378,Rock,Bar,0.5333333333333333
s379,Rock,Site,0.42857142857142855
s3710,Rock,Concert,0.14285714285714285
s3711,Rock,Music,0.18181818181818182
s3712,Rock,Plaza,0.4
s3713,Rock,Hall,0.5
s3714,Rock,Gallery,0.15384615384615385
s3715,Rock,Stadium,0.6153846153846154
s3716,Rock,Bowling,0.14285714285714285
s3717,Rock,School,0.14285714285714285
s3718,Rock,Zoo,0.6153846153846154
s3719,Rock,Park,0.42857142857142855
s3720,Rock,Arts,0.14285714285714285
s3721,Rock,Track,0.5
s3722,Rock,Opera,0.15384615384615385
s3723,Rock,Casino,0.5333333333333333
s3724,Rock,Outdoors,0.46153846153846156
s3725,Rock,Theater,0.5714285714285714
s3726,Rock,Entertainment,0.14285714285714285
s3727,Rock,Memorial,0.15384615384615385
s3728,Rock,Comedy,0.15384615384615385
s3729,Rock,Attraction,0.2857142857142857
s3730,Rock,Church,0.14285714285714285
s3731,Rock,Street,0.5333333333333333
s3732,Rock,Amphitheater,0.5333333333333333
s3733,Rock,Science,0.14285714285714285
s3734,Rock,Sculpture,0.5333333333333333
s3735,Rock,Castle,0.5
s3736,Rock,Jazz,0.14285714285714285
s3737,Rock,Rock,1.0
s3738,Rock,Rap,0.13333333333333333
s3739,Rock,Techno,0.15384615384615385
s3740,Rock,Painting,0.5333333333333333
s380,Rap,Cinema,0.11764705882352941
s381,Rap,Multiplex,0.1111111111111111
s382,Rap,Movie,0.25
s383,Rap,Film,0.25
s384,Rap,History,0.26666666666666666
s385,Rap,Museum,0.11764705882352941
s386,Rap,Art,0.125
s387,Rap,Sport,0.23529411764705882
s388,Rap,Bar,0.1111111111111111
s389,Rap,Site,0.11764705882352941
s3810,Rap,Concert,0.23529411764705882
s3811,Rap,Music,0.42857142857142855
s3812,Rap,Plaza,0.1111111111111111
s3813,Rap,Hall,0.10526315789473684
s3814,Rap,Gallery,0.25
s3815,Rap,Stadium,0.125
s3816,Rap,Bowling,0.23529411764705882
s3817,Rap,School,0.23529411764705882
s3818,Rap,Zoo,0.125
s3819,Rap,Park,0.11764705882352941
s3820,Rap,Arts,0.23529411764705882
s3821,Rap,Track,0.13333333333333333
s3822,Rap,Opera,0.375
s3823,Rap,Casino,0.1111111111111111
s3824,Rap,Outdoors,0.125
s3825,Rap,Theater,0.11764705882352941
s3826,Rap,Entertainment,0.23529411764705882
s3827,Rap,Memorial,0.5
s3828,Rap,Comedy,0.375
s3829,Rap,Attraction,0.11764705882352941
s3830,Rap,Church,0.23529411764705882
s3831,Rap,Street,0.1111111111111111
s3832,Rap,Amphitheater,0.1111111111111111
s3833,Rap,Science,0.23529411764705882
s3834,Rap,Sculpture,0.25
s3835,Rap,Castle,0.10526315789473684
s3836,Rap,Jazz,0.35294117647058826
s3837,Rap,Rock,0.13333333333333333
s3838,Rap,Rap,1.0
s3839,Rap,Techno,0.375
s3840,Rap,Painting,0.1111111111111111
s390,Techno,Cinema,0.13333333333333333
s391,Techno,Multiplex,0.125
s392,Techno,Movie,0.2857142857142857
s393,Techno,Film,0.2857142857142857
s394,Techno,History,0.3076923076923077
s395,Techno,Museum,0.13333333333333333
s396,Techno,Art,0.14285714285714285
s397,Techno,Sport,0.26666666666666666
s398,Techno,Bar,0.125
s399,Techno,Site,0.13333333333333333
s3910,Techno,Concert,0.26666666666666666
s3911,Techno,Music,0.8333333333333334
s3912,Techno,Plaza,0.125
s3913,Techno,Hall,0.11764705882352941
s3914,Techno,Gallery,0.2857142857142857
s3915,Techno,Stadium,0.14285714285714285
s3916,Techno,Bowling,0.26666666666666666
s3917,Techno,School,0.26666666666666666
s3918,Techno,Zoo,0.14285714285714285
s3919,Techno,Park,0.13333333333333333
s3920,Techno,Arts,0.26666666666666666
s3921,Techno,Track,0.15384615384615385
s3922,Techno,Opera,0.6666666666666666
s3923,Techno,Casino,0.125
s3924,Techno,Outdoors,0.14285714285714285
s3925,Techno,Theater,0.13333333333333333
s3926,Techno,Entertainment,0.26666666666666666
s3927,Techno,Memorial,0.42857142857142855
s3928,Techno,Comedy,0.42857142857142855
s3929,Techno,Attraction,0.13333333333333333
s3930,Techno,Church,0.26666666666666666
s3931,Techno,Street,0.125
s3932,Techno,Amphitheater,0.125
s3933,Techno,Science,0.26666666666666666
s3934,Techno,Sculpture,0.2857142857142857
s3935,Techno,Castle,0.11764705882352941
s3936,Techno,Jazz,0.5333333333333333
s3937,Techno,Rock,0.15384615384615385
s3938,Techno,Rap,0.375
s3939,Techno,Techno,1.0
s3940,Techno,Painting,0.125
s400,Painting,Cinema,0.5882352941176471
s401,Painting,Multiplex,0.5555555555555556
s402,Painting,Movie,0.7058823529411765
s403,Painting,Film,0.7058823529411765
s404,Painting,History,0.13333333333333333
s405,Painting,Museum,0.5882352941176471
s406,Painting,Art,0.875
s407,Painting,Sport,0.11764705882352941
s408,Painting,Bar,0.5555555555555556
s409,Painting,Site,0.35294117647058826
s4010,Painting,Concert,0.11764705882352941
s4011,Painting,Music,0.14285714285714285
s4012,Painting,Plaza,0.3333333333333333
s4013,Painting,Hall,0.5263157894736842
s4014,Painting,Gallery,0.125
s4015,Painting,Stadium,0.625
s4016,Painting,Bowling,0.11764705882352941
s4017,Painting,School,0.11764705882352941
s4018,Painting,Zoo,0.625
s4019,Painting,Park,0.35294117647058826
s4020,Painting,Arts,0.11764705882352941
s4021,Painting,Track,0.4
s4022,Painting,Opera,0.125
s4023,Painting,Casino,0.5555555555555556
s4024,Painting,Outdoors,0.375
s4025,Painting,Theater,0.5882352941176471
s4026,Painting,Entertainment,0.11764705882352941
s4027,Painting,Memorial,0.125
s4028,Painting,Comedy,0.125
s4029,Painting,Attraction,0.23529411764705882
s4030,Painting,Church,0.11764705882352941
s4031,Painting,Street,0.5555555555555556
s4032,Painting,Amphitheater,0.5555555555555556
s4033,Painting,Science,0.11764705882352941
s4034,Painting,Sculpture,0.7777777777777778
s4035,Painting,Castle,0.5263157894736842
s4036,Painting,Jazz,0.11764705882352941
s4037,Painting,Rock,0.5333333333333333
s4038,Painting,Rap,0.1111111111111111
s4039,Painting,Techno,0.125
s4040,Painting,Painting,1.0
